hora,dia_semana,pasajeros,distancia_km,numero_paradas,duracion_min
8,0,239,4.8,5,39.5
8,5,239,10.9,3,50.0
6,0,73,4.2,10,44.7
22,1,233,8.5,10,49.8
19,4,121,10.1,2,48.9
10,5,158,5.4,4,30.5
15,0,73,5.8,7,40.3
13,6,61,9.3,10,48.3
17,0,191,4.9,7,45.9
7,0,219,4.3,6,43.0
12,6,75,5.8,9,40.1
16,1,144,5.6,6,36.2
7,4,212,3.7,5,36.2
17,2,286,8.4,10,58.0
15,6,246,9.8,5,47.9
15,3,118,2.7,7,28.2
20,3,276,11.1,9,62.4
9,1,240,7.6,6,47.8
18,4,152,5.6,4,41.0
7,6,62,10.6,4,46.8
18,4,66,5.8,9,48.5
22,6,291,2.1,3,23.7
22,6,118,9.7,7,43.2
18,1,166,2.0,6,34.8
10,4,283,3.1,6,37.0
21,4,100,3.5,4,26.6
21,0,203,5.2,2,28.1
16,6,256,5.1,2,28.7
7,0,237,6.9,3,44.5
22,6,82,3.3,9,33.3
10,2,185,10.7,8,54.6
22,6,236,8.9,6,43.5
16,3,280,7.2,3,36.4
7,2,55,7.9,5,41.5
5,0,231,8.3,5,41.8
6,6,134,2.7,5,29.2
20,1,188,3.3,9,41.1
20,6,154,3.9,3,32.6
16,3,155,6.7,2,31.9
8,0,153,9.3,3,45.5
11,4,164,3.4,4,28.9
12,6,286,2.8,10,37.5
22,6,53,11.7,5,43.2
20,3,104,10.6,2,44.4
5,3,117,11.3,9,51.5
22,5,233,6.9,5,36.3
6,4,238,7.4,7,49.3
20,4,285,10.5,4,54.8
21,0,267,3.9,3,30.5
12,3,80,11.4,5,46.8
6,4,70,6.2,10,48.5
13,1,221,9.2,5,43.6
9,5,215,5.0,7,43.2
7,0,167,8.2,3,42.4
11,4,117,3.3,7,35.3
12,2,122,3.6,10,37.9
21,0,220,10.2,6,51.5
8,1,117,3.2,3,28.3
9,2,122,8.0,7,45.5
13,4,175,4.5,2,27.6
18,6,120,2.4,7,35.7
13,1,239,6.4,8,43.6
8,0,291,10.8,4,55.7
16,4,191,3.5,4,28.9
16,6,298,10.6,7,52.4
12,5,76,5.5,10,42.2
18,4,241,3.5,5,41.2
10,3,56,3.8,7,31.6
18,6,221,10.6,5,53.1
8,3,273,2.4,9,38.9
19,2,128,10.2,5,49.6
11,3,134,4.8,3,29.6
13,2,214,7.1,10,47.4
5,0,274,11.7,4,51.6
13,0,77,8.0,7,45.4
15,3,205,11.8,3,46.6
11,2,61,9.1,2,35.0
22,5,234,11.4,5,47.8
7,5,285,5.3,7,44.6
8,5,280,5.0,6,42.0
15,3,228,5.0,4,31.2
17,5,241,11.0,6,56.9
5,2,123,4.1,7,30.8
19,5,104,7.1,4,41.2
14,4,219,8.3,7,47.2
12,5,129,4.2,5,28.3
6,1,171,8.1,3,40.7
11,5,228,5.8,8,40.6
5,6,270,9.7,3,42.5
12,1,255,11.6,10,60.2
22,1,284,10.5,9,53.1
19,5,185,11.9,7,61.8
19,4,258,9.2,10,63.2
22,3,279,3.6,9,37.0
12,6,213,4.8,10,42.3
12,2,162,2.8,6,27.8
15,2,278,7.4,4,38.3
17,5,89,9.1,3,43.0
15,4,169,6.2,5,40.1
17,6,199,11.5,2,51.8
17,3,51,11.4,6,54.6
18,4,241,9.3,5,54.2
13,3,174,2.3,7,30.4
17,5,92,10.4,4,50.4
22,0,282,5.9,2,31.7
18,1,271,6.6,2,38.9
15,1,166,5.3,8,37.9
18,2,263,2.8,2,31.2
6,2,107,8.5,2,39.5
12,1,264,2.2,4,25.3
20,5,79,7.6,5,42.8
13,6,144,3.7,3,26.4
10,2,77,7.8,6,39.5
17,3,291,9.2,3,49.0
12,0,228,9.7,3,46.5
6,2,186,6.3,7,42.3
15,0,267,6.2,9,46.8
16,5,278,10.3,4,46.6
21,5,119,8.2,10,47.6
19,3,261,9.3,6,52.9
12,6,289,2.9,9,36.7
19,4,206,8.7,7,53.6
15,1,174,4.1,6,31.8
13,4,52,7.2,5,36.6
18,3,192,9.6,9,58.6
20,3,252,2.2,6,34.5
12,2,219,7.8,9,48.4
16,3,240,7.5,7,45.2
13,2,114,4.3,5,28.9
22,6,226,3.9,5,30.4
13,5,200,11.8,10,59.9
8,6,99,5.0,7,37.3
5,5,186,3.3,2,23.4
22,2,228,11.4,9,53.8
5,4,122,6.7,9,43.4
6,2,290,10.6,3,51.4
17,3,68,7.8,2,36.4
14,0,113,3.2,8,35.7
12,6,183,5.8,9,41.5
18,2,195,8.2,3,45.6
11,5,104,4.6,3,25.1
10,4,69,3.6,8,34.9
20,2,58,4.3,6,36.8
19,0,225,4.3,6,44.3
11,3,79,7.4,4,36.3
9,0,65,3.7,6,36.1
14,3,81,6.7,6,37.4
13,4,188,6.9,3,37.7
18,5,132,8.0,2,38.3
5,6,222,10.2,2,40.7
