pasajeros,distancia_km,numero_paradas,duracion_min
79,1.53,4,12
317,14.83,14,68
221,22.97,11,62
180,11.06,4,37
18,2.35,2,23
14,4.22,4,13
62,2.87,1,25
178,10.27,6,29
338,12.55,8,58
170,10.85,3,21
281,19.96,16,61
68,3.14,4,7
302,14.76,14,79
338,22.16,11,50
230,19.95,8,86
297,12.92,13,71
47,2.74,4,5
156,19.9,13,61
177,18.95,12,86
248,23.49,10,56
314,17.64,15,61
103,10.4,3,27
64,10.68,7,37
84,6.37,3,38
67,4.4,6,36
154,8.34,8,30
34,3.82,1,12
131,9.29,6,24
166,8.35,5,39
78,7.44,3,29
91,6.96,4,34
18,2.54,4,21
24,1.1,3,12
177,10.82,4,21
176,10.77,3,40
189,20.6,8,66
206,12.99,14,62
134,8.76,7,22
51,2.95,1,16
64,4.59,4,16
69,8.3,7,28
293,23.26,13,79
173,22.28,10,83
80,1.66,4,11
71,11.41,9,27
151,6.51,5,32
216,21.28,11,89
93,8.04,5,48
254,14.96,14,66
61,4.98,3,19
103,5.63,8,47
114,9.57,8,45
35,3.86,4,12
47,4.94,2,8
75,1.95,4,11
226,17.61,13,60
73,1.36,1,8
65,11.19,4,41
20,1.34,4,7
118,8.97,7,23
111,4.96,7,27
264,23.46,14,68
78,4.06,2,20
58,2.11,3,10
79,4.02,2,14
73,2.58,4,9
100,11.48,4,41
223,13.15,16,78
70,4.23,2,8
114,8.49,3,22
229,13.37,10,49
341,12.32,10,50
230,16.55,15,47
57,2.42,3,25
102,10.17,8,28
253,20.46,15,48
43,4.89,2,21
18,1.84,3,11
334,23.38,13,75
29,3.51,4,24
23,4.48,3,25
298,24.44,11,42
262,11.16,11,55
173,4.86,7,24
55,4.39,3,6
164,8.44,8,23
78,4.0,3,8
18,4.62,3,7
329,11.62,7,70
346,11.09,13,80
21,3.36,1,5
108,4.02,6,28
156,10.69,14,79
74,3.44,2,16
114,5.47,6,27
49,1.96,2,23
322,13.21,14,90
349,17.82,10,57
38,1.03,1,12
195,23.22,7,51
81,7.25,6,26
42,4.88,1,8
76,2.81,2,12
22,3.64,3,18
30,3.16,1,24
64,2.36,2,11
38,4.99,2,21
341,23.54,16,76
38,3.74,1,12
171,11.39,6,45
163,9.23,3,41
80,2.17,3,23
260,11.05,12,79
180,11.03,5,23
113,9.26,7,36
76,9.37,5,34
142,4.79,6,43
161,20.63,7,73
21,1.87,1,22
125,4.64,4,22
76,11.47,3,48
41,1.65,4,13
287,20.3,10,63
170,7.21,3,25
162,18.36,8,69
43,1.56,3,23
80,9.93,7,42
338,23.87,13,82
94,6.25,4,42
184,22.02,15,75
53,1.41,4,8
252,13.66,7,88
157,11.73,11,51
136,4.54,9,27
347,23.28,13,54
227,16.09,7,59
143,11.99,9,20
195,22.06,15,69
185,12.26,13,84
219,15.04,15,45
100,11.43,3,20
114,10.63,3,20
38,1.56,1,22
199,16.31,13,83
106,11.19,9,47
67,3.36,1,10
91,9.34,5,44
228,22.31,10,54
84,5.52,6,24
19,3.44,2,22
