pasajeros,distancia_km,numero_paradas,duracion_min,grupo
79,1.53,4,12,0
317,14.83,14,68,1
221,22.97,11,62,1
180,11.06,4,37,2
18,2.35,2,23,0
14,4.22,4,13,0
62,2.87,1,25,0
178,10.27,6,29,2
338,12.55,8,58,1
170,10.85,3,21,2
281,19.96,16,61,1
68,3.14,4,7,0
302,14.76,14,79,1
338,22.16,11,50,1
230,19.95,8,86,1
297,12.92,13,71,1
47,2.74,4,5,0
156,19.9,13,61,1
177,18.95,12,86,1
248,23.49,10,56,1
314,17.64,15,61,1
103,10.4,3,27,2
64,10.68,7,37,2
84,6.37,3,38,2
67,4.4,6,36,2
154,8.34,8,30,2
34,3.82,1,12,0
131,9.29,6,24,2
166,8.35,5,39,2
78,7.44,3,29,2
91,6.96,4,34,2
18,2.54,4,21,0
24,1.1,3,12,0
177,10.82,4,21,2
176,10.77,3,40,2
189,20.6,8,66,1
206,12.99,14,62,1
134,8.76,7,22,2
51,2.95,1,16,0
64,4.59,4,16,0
69,8.3,7,28,2
293,23.26,13,79,1
173,22.28,10,83,1
80,1.66,4,11,0
71,11.41,9,27,2
151,6.51,5,32,2
216,21.28,11,89,1
93,8.04,5,48,2
254,14.96,14,66,1
61,4.98,3,19,0
103,5.63,8,47,2
114,9.57,8,45,2
35,3.86,4,12,0
47,4.94,2,8,0
75,1.95,4,11,0
226,17.61,13,60,1
73,1.36,1,8,0
65,11.19,4,41,2
20,1.34,4,7,0
118,8.97,7,23,2
111,4.96,7,27,2
264,23.46,14,68,1
78,4.06,2,20,0
58,2.11,3,10,0
79,4.02,2,14,0
73,2.58,4,9,0
100,11.48,4,41,2
223,13.15,16,78,1
70,4.23,2,8,0
114,8.49,3,22,2
229,13.37,10,49,1
341,12.32,10,50,1
230,16.55,15,47,1
57,2.42,3,25,0
102,10.17,8,28,2
253,20.46,15,48,1
43,4.89,2,21,0
18,1.84,3,11,0
334,23.38,13,75,1
29,3.51,4,24,0
23,4.48,3,25,0
298,24.44,11,42,1
262,11.16,11,55,1
173,4.86,7,24,2
55,4.39,3,6,0
164,8.44,8,23,2
78,4.0,3,8,0
18,4.62,3,7,0
329,11.62,7,70,1
346,11.09,13,80,1
21,3.36,1,5,0
108,4.02,6,28,2
156,10.69,14,79,1
74,3.44,2,16,0
114,5.47,6,27,2
49,1.96,2,23,0
322,13.21,14,90,1
349,17.82,10,57,1
38,1.03,1,12,0
195,23.22,7,51,1
81,7.25,6,26,2
42,4.88,1,8,0
76,2.81,2,12,0
22,3.64,3,18,0
30,3.16,1,24,0
64,2.36,2,11,0
38,4.99,2,21,0
341,23.54,16,76,1
38,3.74,1,12,0
171,11.39,6,45,2
163,9.23,3,41,2
80,2.17,3,23,0
260,11.05,12,79,1
180,11.03,5,23,2
113,9.26,7,36,2
76,9.37,5,34,2
142,4.79,6,43,2
161,20.63,7,73,1
21,1.87,1,22,0
125,4.64,4,22,2
76,11.47,3,48,2
41,1.65,4,13,0
287,20.3,10,63,1
170,7.21,3,25,2
162,18.36,8,69,1
43,1.56,3,23,0
80,9.93,7,42,2
338,23.87,13,82,1
94,6.25,4,42,2
184,22.02,15,75,1
53,1.41,4,8,0
252,13.66,7,88,1
157,11.73,11,51,1
136,4.54,9,27,2
347,23.28,13,54,1
227,16.09,7,59,1
143,11.99,9,20,2
195,22.06,15,69,1
185,12.26,13,84,1
219,15.04,15,45,1
100,11.43,3,20,2
114,10.63,3,20,2
38,1.56,1,22,0
199,16.31,13,83,1
106,11.19,9,47,2
67,3.36,1,10,0
91,9.34,5,44,2
228,22.31,10,54,1
84,5.52,6,24,2
19,3.44,2,22,0
